"Name","Status"
"AarSvc_3b52e8","Stopped"
"ADPSvc","Stopped"
"ALG","Stopped"
"AMD External Events Utility","Running"
"AppIDSvc","Stopped"
"Appinfo","Running"
"AppMgmt","Stopped"
"AppReadiness","Stopped"
"AppVClient","Stopped"
"AppXSvc","Running"
"ApxSvc","Stopped"
"AssignedAccessManagerSvc","Stopped"
"AudioEndpointBuilder","Running"
"Audiosrv","Running"
"autotimesvc","Stopped"
"AxInstSV","Stopped"
"BcastDVRUserService_3b52e8","Stopped"
"BDESVC","Stopped"
"BFE","Running"
"BITS","Stopped"
"BluetoothUserService_3b52e8","Running"
"Bonjour Service","Running"
"BrokerInfrastructure","Running"
"BTAGService","Running"
"BthAvctpSvc","Running"
"bthserv","Running"
"camsvc","Running"
"CaptureService_3b52e8","Stopped"
"cbdhsvc_3b52e8","Running"
"CDPSvc","Running"
"CDPUserSvc_3b52e8","Running"
"CertPropSvc","Stopped"
"ClickToRunSvc","Running"
"ClipSVC","Running"
"CloudBackupRestoreSvc_3b52e8","Stopped"
"cloudidsvc","Stopped"
"COMSysApp","Stopped"
"ConsentUxUserSvc_3b52e8","Stopped"
"CoreMessagingRegistrar","Running"
"CortexLauncherService","Stopped"
"CredentialEnrollmentManagerUserSvc_3b52e8","Stopped"
"CryptSvc","Running"
"CscService","Stopped"
"dbupdate","Stopped"
"dbupdatem","Stopped"
"DbxSvc","Running"
"DcomLaunch","Running"
"dcsvc","Stopped"
"defragsvc","Stopped"
"DeviceAssociationBrokerSvc_3b52e8","Stopped"
"DeviceAssociationService","Running"
"DeviceInstall","Stopped"
"DevicePickerUserSvc_3b52e8","Stopped"
"DevicesFlowUserSvc_3b52e8","Running"
"DevQueryBroker","Running"
"Dhcp","Running"
"diagsvc","Stopped"
"DiagTrack","Running"
"DialogBlockingService","Stopped"
"DispBrokerDesktopSvc","Running"
"DisplayEnhancementService","Running"
"DmEnrollmentSvc","Stopped"
"dmwappushservice","Stopped"
"Dnscache","Running"
"DolbyDAXAPI","Running"
"DoSvc","Running"
"dot3svc","Stopped"
"DPS","Running"
"DropboxElevationService","Stopped"
"DropboxUpdaterInternalService123.0.6299.144","Stopped"
"DropboxUpdaterService123.0.6299.144","Stopped"
"DsmSvc","Stopped"
"DsSvc","Running"
"DusmSvc","Running"
"EapHost","Stopped"
"edgeupdate","Stopped"
"edgeupdatem","Stopped"
"EFS","Stopped"
"ElevocService","Running"
"embeddedmode","Stopped"
"EntAppSvc","Stopped"
"EventLog","Running"
"EventSystem","Running"
"fdPHost","Stopped"
"FDResPub","Stopped"
"fhsvc","Stopped"
"FileSyncHelper","Running"
"FontCache","Running"
"FrameServer","Running"
"FrameServerMonitor","Stopped"
"GameInputSvc","Stopped"
"GoogleChromeElevationService","Stopped"
"GoogleUpdaterInternalService144.0.7547.0","Stopped"
"GoogleUpdaterService144.0.7547.0","Stopped"
"gpsvc","Running"
"GraphicsPerfSvc","Stopped"
"HgClientService","Stopped"
"hidserv","Stopped"
"HNS","Running"
"hpatchmon","Stopped"
"HvHost","Running"
"icssvc","Stopped"
"IKEEXT","Stopped"
"InstallService","Running"
"InventorySvc","Running"
"iphlpsvc","Running"
"IpxlatCfgSvc","Stopped"
"KeyIso","Running"
"KtmRm","Stopped"
"LanmanServer","Running"
"LanmanWorkstation","Running"
"LenovoFnAndFunctionKeys","Running"
"lfsvc","Running"
"LicenseManager","Running"
"LITSSVC","Running"
"lltdsvc","Stopped"
"lmhosts","Running"
"LocalKdc","Stopped"
"LSM","Running"
"LxpSvc","Stopped"
"MapsBroker","Stopped"
"McmSvc","Stopped"
"McpManagementService","Stopped"
"MDCoreSvc","Running"
"MessagingService_3b52e8","Stopped"
"MicrosoftEdgeElevationService","Stopped"
"midisrv","Stopped"
"mpssvc","Running"
"MSDTC","Stopped"
"MSiSCSI","Stopped"
"msiserver","Stopped"
"MsKeyboardFilter","Stopped"
"NaturalAuthentication","Stopped"
"NcaSvc","Stopped"
"NcbService","Running"
"NcdAutoSetup","Stopped"
"Netlogon","Stopped"
"Netman","Stopped"
"netprofm","Running"
"NetSetupSvc","Stopped"
"NetTcpPortSharing","Stopped"
"NgcCtnrSvc","Stopped"
"NgcSvc","Stopped"
"NlaSvc","Stopped"
"NPSMSvc_3b52e8","Running"
"nsi","Running"
"nvagent","Running"
"OneDrive Updater Service","Stopped"
"OneSyncSvc_3b52e8","Running"
"P9RdrService_3b52e8","Stopped"
"PcaSvc","Running"
"PeerDistSvc","Stopped"
"PenService_3b52e8","Stopped"
"perceptionsimulation","Stopped"
"PerfHost","Stopped"
"PhoneSvc","Running"
"PimIndexMaintenanceSvc_3b52e8","Running"
"pla","Stopped"
"PlugPlay","Running"
"PolicyAgent","Stopped"
"Power","Running"
"PrintDeviceConfigurationService","Stopped"
"PrintNotify","Stopped"
"PrintScanBrokerService","Stopped"
"PrintWorkflowUserSvc_3b52e8","Running"
"ProfSvc","Running"
"PushToInstall","Stopped"
"QWAVE","Running"
"RasAuto","Stopped"
"RasMan","Running"
"Razer Elevation Service","Stopped"
"Razer Game Manager Service 3","Running"
"Razer Update Service","Running"
"refsdedupsvc","Stopped"
"RemoteAccess","Stopped"
"RemoteRegistry","Stopped"
"RetailDemo","Stopped"
"RmSvc","Running"
"RpcEptMapper","Running"
"RpcLocator","Stopped"
"RpcSs","Running"
"RtkAudioUniversalService","Running"
"RzActionSvc","Running"
"SamSs","Running"
"SCardSvr","Stopped"
"ScDeviceEnum","Stopped"
"Schedule","Running"
"SCPolicySvc","Stopped"
"SDRSVC","Stopped"
"seclogon","Stopped"
"SecurityHealthService","Running"
"SEMgrSvc","Stopped"
"SENS","Running"
"Sense","Stopped"
"SensorDataService","Stopped"
"SensorService","Running"
"SensrSvc","Stopped"
"SessionEnv","Stopped"
"SharedAccess","Running"
"ShellHWDetection","Running"
"shpamsvc","Stopped"
"smphost","Stopped"
"SmsRouter","Stopped"
"SNMPTrap","Stopped"
"Spooler","Running"
"sppsvc","Stopped"
"SSDPSRV","Running"
"ssh-agent","Stopped"
"SstpSvc","Running"
"StateRepository","Running"
"StiSvc","Stopped"
"StorSvc","Running"
"svsvc","Stopped"
"swprv","Stopped"
"SysMain","Running"
"SystemEventsBroker","Running"
"TapiSrv","Stopped"
"TermService","Stopped"
"TextInputManagementService","Running"
"Themes","Running"
"TieringEngineService","Stopped"
"TimeBrokerSvc","Running"
"TokenBroker","Running"
"TrkWks","Running"
"TroubleshootingSvc","Stopped"
"TrustedInstaller","Stopped"
"tzautoupdate","Stopped"
"UdkUserSvc_3b52e8","Running"
"UevAgentService","Stopped"
"UmRdpService","Stopped"
"UnistoreSvc_3b52e8","Running"
"upnphost","Stopped"
"UserDataSvc_3b52e8","Running"
"UserManager","Running"
"UsoSvc","Running"
"VaultSvc","Running"
"vds","Stopped"
"vmcompute","Running"
"vmicguestinterface","Stopped"
"vmicheartbeat","Stopped"
"vmickvpexchange","Stopped"
"vmicrdv","Stopped"
"vmicshutdown","Stopped"
"vmictimesync","Stopped"
"vmicvmsession","Stopped"
"vmicvss","Stopped"
"vmms","Running"
"VSS","Stopped"
"W32Time","Stopped"
"WaaSMedicSvc","Stopped"
"WalletService","Stopped"
"WarpJITSvc","Stopped"
"wbengine","Stopped"
"WbioSrvc","Stopped"
"Wcmsvc","Running"
"wcncsvc","Stopped"
"WdiServiceHost","Stopped"
"WdiSystemHost","Stopped"
"WdNisSvc","Running"
"WebClient","Running"
"webthreatdefsvc","Running"
"webthreatdefusersvc_3b52e8","Running"
"Wecsvc","Stopped"
"WEPHOSTSVC","Stopped"
"wercplsupport","Stopped"
"WerSvc","Stopped"
"WFDSConMgrSvc","Stopped"
"whesvc","Running"
"WiaRpc","Stopped"
"WinDefend","Running"
"WinHttpAutoProxySvc","Running"
"Winmgmt","Running"
"WinRM","Stopped"
"wisvc","Stopped"
"WlanSvc","Running"
"wlidsvc","Running"
"wlpasvc","Stopped"
"WManSvc","Stopped"
"wmiApSrv","Stopped"
"WMPNetworkSvc","Stopped"
"workfolderssvc","Stopped"
"WpcMonSvc","Stopped"
"WPDBusEnum","Stopped"
"WpnService","Running"
"WpnUserService_3b52e8","Running"
"WSAIFabricSvc","Running"
"wscsvc","Running"
"WSearch","Running"
"wuauserv","Stopped"
"wuqisvc","Stopped"
"WwanSvc","Stopped"
"XblAuthManager","Stopped"
"XblGameSave","Stopped"
"XboxGipSvc","Stopped"
"XboxNetApiSvc","Stopped"
